filename,start_beat,bpm,type
stockhiphopsong,0.046439909297052155,93.96306818181819,audio
bartender,0.08126984126984127,105.46875,video
last-christmas-tutorial,0.034829931972789115,109.95678191489361,video
mad-at-disney-tutorial,0.33668934240362813,117.45383522727273,video
pajamaparty-tutorial,0.046439909297052155,178.20581896551724,video
