filename,start_beat,bpm
bartender,0.08126984126984127,105.46875
last-christmas-tutorial,0.034829931972789115,109.95678191489361
mad-at-disney-tutorial,0.33668934240362813,117.45383522727273
pajamaparty-tutorial,0.046439909297052155,178.20581896551724
