condition,emmean,SE
TikTok Tutorial,3.3235974,0.099292235
System (Sheet Motion),3.516579716,0.099117236
System (Skeleton),3.547217861,0.099193759
