,frameCount,landmarkCount,distance_sum,distance_mean,velocity_sum,velocity_mean,acceleration_sum,acceleration_mean,jerk_sum,jerk_mean,bpm,distance_mean_zscore,distance_sum_zscore,velocity_mean_zscore,velocity_sum_zscore,acceleration_mean_zscore,acceleration_sum_zscore,jerk_mean_zscore,jerk_sum_zscore,bpm_zscore,composite_score
bartender,447,14,118.92335492617647,0.019003412420290265,80.78552339898083,0.012909160019012596,68.33171328371424,0.010919097680363412,63.29751289017269,0.010114655303638972,106.69352889852131,-0.26662307800156854,-0.36820794691947056,-0.09292694699369021,-0.25288342387721824,0.12569590391955635,-0.134123173973476,0.2505832594650615,-0.06302984537073261,-0.649092867447147,-0.16117867991096504
pajamaparty-tutorial,419,14,130.98251179944245,0.022329101909212827,82.65099522188018,0.014089838939972755,67.29512781318547,0.011472064066345973,59.88933084217011,0.010209568844556786,178.8320902310351,0.7888784319933737,0.03855166540468186,0.5323219759354855,-0.15729607999052875,0.5222461425949734,-0.20522767213808196,0.3258842525219974,-0.3128615568539613,1.483010464479111,0.3350564026607834
mad-at-disney-tutorial,544,14,169.8587177194272,0.022302877851815547,112.92660869322862,0.014827548410350395,90.26162261198263,0.011851578599262426,82.94169136991326,0.010890453173570543,118.80388983044196,0.7805554865490623,1.3498597953870906,0.9229887724707965,1.3940355674467486,0.794408397704555,1.3701572176727888,0.8660734145303683,1.376957415037453,-0.2911630665635251,0.9515414444705931
last-christmas-tutorial,452,14,99.59371504960865,0.015738576967384427,66.51994380205764,0.010512001232942105,55.259561756324466,0.008732547685891982,50.50090669765711,0.007980547834648721,110.29142892956978,-1.3028108405408674,-1.0202035138723038,-1.3623838014125917,-0.9838560635790025,-1.442350444219087,-1.0308063715612292,-1.4425409265174258,-1.001066012812757,-0.5427545304684392,-1.1254191672204117
